{"env_steps": 2000000, "epoch": 1999, "sac/log_pi": 135.23104858398438, "sac/policy_loss": 15248154.0, "sac/qf1_loss": 63937278115840.0, "sac/qf2_loss": 64397959495680.0, "sac/alpha_loss": 99.43885040283203, "sac/alpha": 4671.5556640625, "sac/average_qf1": -12698618.0, "sac/average_qf2": -12688010.0, "sac/average_target_q": -14636115.0, "sac/total_steps": 2000000, "sac/cql/cql_std_q1": 1117256832.0, "sac/cql/cql_std_q2": 932804096.0, "sac/cql/cql_q1_rand": -4550672384.0, "sac/cql/cql_q2_rand": -3805667840.0, "sac/cql/cql_min_qf1_loss": -14153348096.0, "sac/cql/cql_min_qf2_loss": -11719705600.0, "sac/cql/cql_qf1_diff": -2830669568.0, "sac/cql/cql_qf2_diff": -2343941120.0, "sac/cql/cql_q1_current_actions": -2934680320.0, "sac/cql/cql_q2_current_actions": -2433453824.0, "sac/cql/cql_q1_next_actions": -2934693632.0, "sac/cql/cql_q2_next_actions": -2433458944.0, "sac/cql/alpha_prime_loss": 0.0, "sac/cql/alpha_prime": 0.0, "average_return": 0.08966135203566883, "average_traj_length": 10.0, "rollout_time": 1.4119300842285156, "train_time": 19.89478302001953, "eval_time": 0.07878756523132324, "epoch_time": 21.38550066947937, "_timestamp": 1658246125, "_runtime": 45187, "_step": 1999, "_wandb": {"runtime": 45192}}