{"env_steps": 1000000, "epoch": 1999, "sac/log_pi": 150.02395629882812, "sac/policy_loss": 44686072.0, "sac/qf1_loss": 560641307836416.0, "sac/qf2_loss": 561863158923264.0, "sac/alpha_loss": -26.596073150634766, "sac/alpha": 6601.892578125, "sac/average_qf1": -39050420.0, "sac/average_qf2": -39012164.0, "sac/average_target_q": -43782180.0, "sac/total_steps": 2000000, "sac/cql/cql_std_q1": 2345496320.0, "sac/cql/cql_std_q2": 2519038976.0, "sac/cql/cql_q1_rand": -10809277440.0, "sac/cql/cql_q2_rand": -11539173376.0, "sac/cql/cql_min_qf1_loss": -36139741184.0, "sac/cql/cql_min_qf2_loss": -38328164352.0, "sac/cql/cql_qf1_diff": -7227948032.0, "sac/cql/cql_qf2_diff": -7665633280.0, "sac/cql/cql_q1_current_actions": -7657298432.0, "sac/cql/cql_q2_current_actions": -8121858560.0, "sac/cql/cql_q1_next_actions": -7657683456.0, "sac/cql/cql_q2_next_actions": -8122123776.0, "sac/cql/alpha_prime_loss": 0.0, "sac/cql/alpha_prime": 0.0, "average_return": 0.1108026516163562, "average_traj_length": 10.0, "train_time": 21.01042866706848, "eval_time": 0.08377575874328613, "epoch_time": 21.094204425811768, "_timestamp": 1658365767, "_runtime": 44019, "_step": 1999, "_wandb": {"runtime": 44024}}